INSERT INTO ReleaseForm ([Name]) VALUES
(N'Порошок'),
(N'Таблетки'),
(N'Капсули'),
(N'Сироп'),
(N'Розчин для ін’єкцій'),
(N'Мазь'),
(N'Гель'),
(N'Паста'),
(N'Суспензія'),
(N'Емульсія'),
(N'Свічки'),
(N'Пластир'),
(N'Аерозоль');

INSERT INTO Medicine ([Name], Dose, ReleaseFormId, Price, Producer) VALUES
(N'Аллерон', 5, 2, 45, N'Дарниця'),
(N'Аллерон', 10, 2, 70, N'Здоров’я'),

(N'Амоксицилін', 125, 9, 50, N'Біофарма'),
(N'Амоксицилін', 250, 3, 60, N'Біофарма'),
(N'Амоксицилін', 500, 2, 80, N'Дарниця'),
(N'Амоксицилін', 875, 3, 110, N'Фармак'),

(N'Анальгін', 500, 2, 25, N'Дарниця'),
(N'Анальгін', 250, 5, 40, N'Фармак'),

(N'Вітамін C', 500, 2, 30, N'Здоров’я'),
(N'Вітамін C', 1000, 1, 25, N'Здоров’я'),
(N'Вітамін C', 1000, 13, 55, N'Дарниця'),

(N'Вітамін D', 500, 11, 40, N'Фармак'),
(N'Вітамін D', 400, 4, 60, N'Здоров’я'),

(N'Гідрокортизон', 10, 6, 55, N'Галичфарм'),
(N'Гідрокортизон', 20, 6, 75, N'Дарниця'),

(N'Диклофенак', 5, 7, 40, N'Фармак'),
(N'Диклофенак', 10, 7, 70, N'Фармак'),
(N'Диклофенак', 100, 2, 90, N'Дарниця'),

(N'Ібупрофен', 200, 2, 35, N'Дарниця'),
(N'Ібупрофен', 400, 2, 55, N'Фармак'),
(N'Ібупрофен', 100, 4, 65, N'Здоров’я'),
(N'Ібупрофен', 600, 3, 85, N'Галичфарм'),

(N'Крем Емульсія', 30, 10, 60, N'Галичфарм'),
(N'Крем Емульсія', 50, 10, 80, N'Дарниця'),

(N'Назальний спрей', 100, 13, 55, N'Біофарма'),
(N'Назальний спрей', 50, 13, 40, N'Фармак'),
(N'Назальний спрей', 100, 13, 60, N'Здоров’я'),

(N'Мірамістин', 150, 13, 80, N'Фармак'),

(N'Німесулід', 100, 2, 65, N'Дарниця'),
(N'Німесулід', 200, 2, 90, N'Фармак'),

(N'Парацетамол', 200, 2, 20, N'Фармак'),
(N'Парацетамол', 500, 2, 35, N'Здоров’я'),
(N'Парацетамол', 250, 4, 50, N'Дарниця'),
(N'Парацетамол', 100, 9, 45, N'Біофарма'),

(N'Пластир Нурофен', 50, 12, 70, N'Здоров’я'),
(N'Пластир Нурофен', 25, 12, 50, N'Фармак'),

(N'Сироп від кашлю', 100, 4, 60, N'Здоров’я'),
(N'Сироп від кашлю', 200, 4, 100, N'Здоров’я'),
(N'Сироп від кашлю', 150, 4, 90, N'Дарниця'),

(N'Суспензія Амоксицилін', 125, 9, 55, N'Фармак'),
(N'Суспензія Цефіксим', 200, 9, 95, N'Дарниця'),

(N'Цефтріаксон', 500, 5, 80, N'Дарниця'),
(N'Цефтріаксон', 1000, 5, 120, N'Галичфарм'),
(N'Цефтріаксон', 2000, 5, 180, N'Фармак'),

(N'Цитрамон', 200, 2, 30, N'Фармак'),
(N'Цитрамон', 400, 2, 50, N'Дарниця'),

(N'Зубна паста Фтор', 50, 8, 35, N'Здоров’я'),
(N'Зубна паста Фтор', 100, 8, 60, N'Дарниця'),

(N'Хлоргексидин', 100, 5, 45, N'Біофарма'),
(N'Хлоргексидин', 50, 13, 50, N'Дарниця');

INSERT INTO Suppliers ([Name], ContactPerson, Phone, Address) VALUES
(N'ТОВ "ФармЛогістика"', N'Ірина Коваленко', N'+380501234567', N'м. Київ, вул. Виговського, 10'),
(N'ТОВ "МедПостач"', N'Олександр Гриценко', N'+380671112233', N'м. Львів, вул. Зеленська, 45'),
(N'ТОВ "ФармТрейд"', N'Наталія Романюк', N'+380931234567', N'м. Харків, просп. Науки, 12'),
(N'ПП "ГаличФармПоставка"', N'Богдан Петренко', N'+380661111222', N'м. Івано-Франківськ, вул. Галицька, 30'),
(N'ТОВ "МедСервіс"', N'Марія Левченко', N'+380961234321', N'м. Одеса, вул. Академіка Філатова, 22');

INSERT INTO Supply (SupplierId, [Date], TotalPrice) VALUES
(1, '2025-09-10', 5200),
(2, '2025-09-15', 7800),
(3, '2025-09-22', 4300),
(4, '2025-09-28', 9600),
(5, '2025-10-02', 6400);

INSERT INTO DetailsSupply (MedicineId, [Count], [ExpirationDate], Price, SupplyId, CellId) VALUES
(1, 200, '2027-03-15', 25, 1, 1),
(2, 150, '2026-12-10', 30, 1, 1),

(3, 180, '2027-01-20', 20, 1, 2),
(4, 100, '2026-11-25', 60, 2, 2),

(5, 120, '2026-10-05', 50, 2, 3),
(6, 90,  '2026-12-30', 60, 2, 3),
(7, 75,  '2026-08-20', 100, 2, 3),

(8, 60,  '2027-05-10', 120, 3, 4),
(9, 130, '2026-09-30', 55, 3, 4),
(10, 200, '2026-12-15', 40, 3, 4),
(11, 180, '2026-12-15', 70, 3, 4),

(12, 160, '2027-03-01', 35, 4, 5),
(13, 120, '2027-02-05', 60, 4, 5),
(14, 200, '2027-01-10', 40, 4, 5),
(15, 100, '2026-09-05', 70, 4, 5),

(16, 90,  '2026-12-25', 55, 5, 6),
(17, 150, '2026-10-30', 45, 5, 6),
(18, 120, '2026-11-15', 60, 5, 6),
(19, 80,  '2026-12-05', 75, 5, 6),
(20, 200, '2027-04-01', 50, 5, 6);

INSERT INTO Pharmacists (Surname, Name, Paternal, Position, Phone, WorkSchedule, Login) VALUES
(N'Коваль', N'Олена', N'Петрівна', N'Старший фармацевт', N'+380501234567', N'Пн–Пт 08:00–17:00', N'okoval'),
(N'Іваненко', N'Марія', N'Олександрівна', N'Фармацевт', N'+380671112233', N'Пн–Сб 09:00–18:00', N'mivanenko'),
(N'Петренко', N'Богдан', N'Ігорович', N'Завідувач аптеки', N'+380931234567', N'Пн–Пт 08:00–16:00', N'bpetrenko'),
(N'Романюк', N'Ірина', N'Михайлівна', N'Фармацевт-консультант', N'+380661112244', N'Вт–Нд 10:00–19:00', N'iromanyuk'),
(N'Савчук', N'Олег', N'Васильович', N'Провізор', N'+380981223344', N'Пн–Пт 08:00–17:00', N'osavchuk'),
(N'Левченко', N'Наталія', N'Сергіївна', N'Фармацевт', N'+380991234321', N'Пн–Сб 09:00–18:00', N'nlevchenko'),
(N'Гуменюк', N'Тетяна', N'Іванівна', N'Молодший фармацевт', N'+380632223344', N'Вт–Нд 10:00–19:00', N'tgumenyuk'),
(N'Шевченко', N'Андрій', N'Володимирович', N'Фармацевт', N'+380971112233', N'Пн–Пт 08:00–17:00', N'ashevchenko');

INSERT INTO Clients (Surname, Name, Paternal, BirthDate, Phone, HasPrescription, DiscountType, Address) VALUES
(N'Мельник', N'Ігор', N'Олександрович', '1985-04-12', N'+380501112233', 1, N'Пільгова (пенсійна)', N'м. Київ, вул. Лесі Українки, 5'),
(N'Ткачук', N'Світлана', N'Іванівна', '1992-09-25', N'+380931223344', 0, N'Накопичувальна', N'м. Львів, вул. Зелена, 14'),
(N'Бойко', N'Оксана', N'Петрівна', '1978-02-03', N'+380671223355', 1, N'Пільгова (інвалідність)', N'м. Харків, вул. Шевченка, 22'),
(N'Сидоренко', N'Юрій', N'Богданович', '2001-06-19', N'+380991334455', 0, N'Студентська', N'м. Івано-Франківськ, вул. Галицька, 47'),
(N'Демчук', N'Олена', N'Василівна', '1989-11-07', N'+380931445566', 0, N'Бонусна', N'м. Тернопіль, вул. Замкова, 9'),
(N'Мороз', N'Катерина', N'Ігорівна', '1995-01-30', N'+380501556677', 0, N'Немає', N'м. Одеса, вул. Арнаутська, 15'),
(N'Кравчук', N'Віктор', N'Миколайович', '1968-08-14', N'+380671667788', 1, N'Пільгова (ветеран)', N'м. Вінниця, вул. Київська, 99'),
(N'Гаврилюк', N'Марина', N'Олегівна', '1998-12-23', N'+380981778899', 0, N'Накопичувальна', N'м. Чернівці, вул. Головна, 123'),
(N'Олійник', N'Роман', N'Ігорович', '2003-03-17', N'+380662223344', 0, N'Студентська', N'м. Луцьк, просп. Соборності, 24'),
(N'Захарук', N'Наталія', N'Петрівна', '1975-10-02', N'+380501990011', 1, N'Пільгова (пенсійна)', N'м. Черкаси, вул. Смілянська, 45');

INSERT INTO Storage (CellNumber) VALUES
(101),
(102),
(103),
(104),
(105),
(106);

INSERT INTO SaleDetails (MedicineId, MedicineCount) VALUES
(1, 2),
(3, 1),
(7, 1),
(9, 2),
(19, 1),
(17, 1),
(31, 3),
(28, 1),
(25, 1),
(41, 2),
(5, 1),
(36, 1),
(12, 2),
(44, 2),
(34, 1),
(18, 1),
(46, 1),
(48, 1);

INSERT INTO Sales ([Date], PharmacistId, ClientId, SaleDetailsId, TotalAmount) VALUES
('2025-10-01', 1, 1, 1, 95),
('2025-10-02', 2, 2, 3, 85), 
('2025-10-03', 3, 3, 5, 125), 
('2025-10-04', 4, 4, 7, 105), 
('2025-10-05', 5, 5, 8, 120),
('2025-10-06', 6, 6, 10, 280),
('2025-10-07', 7, 7, 12, 160),
('2025-10-08', 8, 8, 14, 100),
('2025-10-09', 1, 9, 15, 160),
('2025-10-10', 2, 10, 17, 95);


SELECT * FROM ReleaseForm;
SELECT * FROM Medicine;
SELECT * FROM Suppliers;
SELECT * FROM Supply;
SELECT * FROM DetailsSupply;
SELECT * FROM Pharmacists;
SELECT * FROM Clients;
SELECT * FROM Storage;
SELECT * FROM SaleDetails;
SELECT * FROM Sales;
